educationlevel,experienceyears,previouscompanies,interviewscore,skillscore,personalityscore,recruitmentstrategy,hiringdecision
1,0,3,48,78,91,0,1
3,12,3,35,68,80,1,1
1,3,2,20,67,13,1,0
1,5,2,36,27,70,2,0
0,6,1,23,52,85,1,0
2,14,4,54,50,50,0,1
1,6,1,24,52,64,2,0
3,13,3,6,3,92,2,0
2,6,5,80,78,51,0,1
1,2,5,92,16,94,2,0
0,15,2,93,66,29,1,0
2,5,5,70,73,56,1,0
2,12,5,96,46,78,2,1
0,7,5,70,55,81,1,0
1,3,3,23,22,98,0,0
2,12,5,10,17,29,1,0
0,7,5,72,0,97,1,0
3,1,5,11,34,41,0,0
1,14,1,34,63,10,1,0
0,9,3,62,57,26,1,0
2,8,2,67,94,23,1,0
1,8,1,99,58,98,1,1
1,7,4,91,0,38,2,0
0,9,3,56,2,71,1,0
0,13,3,12,66,17,1,0
1,12,4,22,36,76,0,1
1,9,4,82,82,44,1,0
1,0,4,100,28,87,2,0
2,1,2,38,88,86,1,0
1,5,5,87,32,11,1,0
0,9,3,79,99,48,1,0
1,4,5,96,60,93,1,0
3,11,5,11,92,30,0,1
2,13,4,33,89,91,2,1
1,8,2,70,3,21,0,0
1,4,1,74,13,43,1,0
1,1,2,30,90,91,1,0
2,9,5,92,32,63,1,1
2,3,2,61,21,76,0,1
1,8,4,12,47,24,1,0
2,0,1,30,2,50,0,0
2,10,4,1,86,6,0,1
0,0,1,14,84,5,1,0
1,11,5,56,22,23,1,0
0,6,1,74,67,18,0,1
1,10,1,33,20,82,0,1
2,2,1,67,100,99,2,0
1,9,2,74,42,8,2,0
1,1,2,28,94,35,0,0
0,8,5,65,84,39,1,0
1,2,1,15,25,92,1,0
1,15,3,38,40,23,1,0
1,1,5,76,98,47,2,0
1,11,1,36,37,62,0,1
1,7,1,80,87,68,1,1
1,9,2,20,10,52,1,0
0,5,5,43,28,53,1,0
0,5,1,18,59,41,1,0
1,9,1,70,66,44,2,0
1,10,5,7,64,89,0,1
1,6,3,76,60,13,0,1
1,6,5,100,18,28,0,1
1,10,5,65,45,5,2,0
2,12,3,40,48,6,1,0
0,14,5,74,21,36,1,0
1,5,1,87,77,52,0,1
2,3,5,69,56,17,2,0
1,10,3,60,13,86,2,0
1,8,4,25,43,37,1,0
3,5,5,70,15,58,1,0
2,3,2,82,96,0,0,1
1,11,1,69,76,67,1,0
1,2,1,28,11,43,1,0
1,3,2,65,54,46,0,0
1,2,2,18,50,34,1,0
1,14,5,67,38,86,0,1
1,1,2,57,32,90,1,0
1,13,4,69,32,59,1,0
1,4,3,56,28,89,0,0
2,1,2,36,68,51,1,0
1,5,2,60,69,7,1,0
0,2,4,91,30,79,0,1
1,5,1,29,79,40,2,0
1,14,1,70,30,2,0,0
1,10,5,72,88,95,1,1
1,9,4,24,45,68,0,1
1,8,3,96,96,83,0,1
1,0,3,64,76,13,0,0
0,15,4,5,51,95,0,1
0,15,3,17,9,25,1,0
1,5,1,9,87,69,0,1
1,8,3,91,73,57,1,0
3,10,3,10,40,99,0,1
1,3,4,96,94,39,0,1
1,10,4,64,76,50,1,0
1,11,3,76,2,4,2,0
0,1,2,100,58,76,1,0
3,12,4,83,51,31,1,1
1,3,5,64,33,79,0,0
2,0,5,51,48,0,2,0
0,2,1,66,27,76,0,0
1,9,3,81,82,53,0,1
1,8,2,77,86,10,1,0
2,9,1,30,95,52,1,0
0,4,3,90,12,7,2,0
1,14,4,16,96,24,0,1
3,10,5,54,97,39,2,0
1,5,2,92,96,31,1,0
1,2,5,35,68,87,1,0
0,15,4,100,66,27,0,1
3,4,3,25,60,77,0,1
0,10,4,52,59,2,2,0
2,7,4,16,70,99,1,1
2,5,5,85,23,90,1,0
1,3,2,24,62,83,2,0
1,1,4,1,85,78,0,1
0,13,5,85,60,61,1,1
1,8,2,4,22,26,1,0
2,12,3,3,29,44,0,1
2,11,3,35,59,91,0,1
1,0,1,5,17,24,1,0
1,0,5,20,95,60,1,0
0,12,2,76,55,43,1,0
0,3,4,100,52,96,0,1
0,6,3,88,6,45,2,0
1,0,2,25,96,13,0,0
1,8,5,54,68,7,1,0
1,3,1,38,91,47,1,0
1,2,3,83,71,13,0,1
1,0,2,32,78,64,0,1
1,9,2,13,51,79,1,0
2,3,2,55,3,81,2,0
1,8,5,99,33,6,0,1
3,12,5,80,68,78,1,1
2,13,5,20,32,87,1,0
0,9,4,45,68,48,0,1
2,15,2,15,37,54,1,0
1,15,3,15,97,12,2,0
1,5,5,83,25,72,1,0
1,15,5,28,0,55,2,0
1,5,2,91,3,55,0,0
1,0,5,7,38,14,1,0
1,9,4,87,53,56,1,0
1,1,4,2,89,57,1,0
1,10,5,88,32,34,1,0
1,5,2,18,32,87,0,0
2,1,2,96,71,96,1,1
0,2,2,65,19,15,1,0
1,3,1,78,15,7,0,0
2,10,5,85,20,92,2,1
1,4,2,73,44,86,1,0
0,14,4,81,89,44,1,0
0,8,3,21,86,94,0,1
1,11,3,45,81,39,0,1
3,14,2,90,61,53,1,1
1,14,3,12,30,13,1,0
3,3,3,32,41,58,1,0
1,12,1,4,11,93,1,0
1,10,4,89,64,52,0,1
1,8,4,76,72,26,1,0
1,10,1,26,2,46,1,0
0,9,1,77,89,79,1,1
2,2,3,23,8,5,0,0
2,7,5,66,50,54,0,1
1,11,3,62,15,96,1,0
3,0,1,93,87,43,0,1
2,10,4,98,77,17,0,1
1,8,3,47,2,15,0,0
0,8,5,62,97,11,1,0
1,9,3,77,96,19,1,0
1,1,2,11,23,44,1,0
1,3,3,27,72,63,0,1
0,12,1,43,12,58,1,0
2,7,4,92,1,92,0,1
0,6,4,42,70,93,2,0
1,0,1,16,20,89,1,0
3,4,2,39,18,21,1,0
2,6,1,48,88,96,0,1
1,14,3,84,46,46,0,1
2,15,1,56,21,28,1,0
0,3,1,86,74,85,1,0
0,14,2,83,32,44,0,1
1,15,3,63,31,76,2,0
1,14,5,74,63,8,2,0
1,0,5,56,84,23,1,0
1,8,4,97,38,14,2,0
0,13,1,73,83,35,0,1
1,4,4,73,71,12,0,1
1,10,2,69,41,90,0,1
2,15,5,99,100,43,1,1
1,1,1,87,8,100,0,1
1,7,2,75,24,70,2,0
1,10,2,42,88,71,0,1
0,12,1,22,96,100,1,0
0,1,2,26,1,77,2,0
2,2,1,57,18,75,0,1
1,13,1,36,19,35,0,0
0,9,3,5,92,60,1,0
1,0,4,64,69,80,0,1
1,10,2,5,16,39,0,0
1,15,2,49,88,92,0,1
1,1,3,21,67,26,1,0
1,13,3,87,93,0,2,0
1,15,3,24,83,33,2,0
0,6,5,78,2,67,0,1
1,9,5,89,86,87,1,1
2,1,5,71,50,20,1,0
2,5,1,50,81,32,2,0
2,14,2,87,25,6,0,1
1,2,4,47,55,64,1,0
1,3,1,69,99,2,1,0
1,10,2,98,63,50,2,0
1,14,2,64,7,78,0,1
1,12,3,59,80,94,0,1
0,7,3,45,94,53,0,1
1,13,1,35,36,79,0,1
3,2,3,57,96,73,1,0
1,9,2,75,26,92,1,0
0,5,3,37,44,58,1,0
1,0,5,10,3,5,0,0
2,6,3,11,85,28,0,1
1,7,2,41,89,16,0,1
1,10,1,38,95,59,0,1
0,13,4,70,87,21,1,0
1,7,3,10,98,23,0,1
1,2,2,35,36,80,0,0
2,13,4,51,95,84,1,1
1,9,4,30,70,50,1,0
0,0,5,32,32,49,1,0
0,8,4,12,30,10,2,0
0,12,2,17,54,55,0,1
1,5,2,40,11,70,1,0
1,10,3,57,10,41,1,0
1,8,3,55,87,38,1,0
1,6,3,23,71,68,2,0
1,0,4,72,31,47,0,0
0,11,4,30,56,56,1,0
0,11,5,54,37,20,0,0
2,0,3,9,59,81,1,0
1,5,1,59,85,98,1,0
1,4,5,1,97,19,2,0
2,8,1,14,18,14,2,0
1,1,4,2,83,68,1,0
2,7,5,42,55,76,0,1
1,10,5,30,13,50,1,0
3,4,2,69,32,75,1,0
0,1,4,66,9,61,0,0
0,12,4,55,79,84,1,0
1,9,5,62,63,36,2,0
3,10,4,74,63,5,1,1
2,10,5,14,61,70,1,1
0,11,2,91,67,25,2,0
1,5,5,9,90,7,0,0
3,9,4,37,91,72,0,1
1,7,4,46,42,90,1,0
2,3,5,56,79,3,1,0
2,1,5,49,58,20,1,0
1,11,5,70,51,30,0,1
1,10,3,14,96,20,0,1
1,4,4,17,18,24,0,0
1,14,4,81,20,14,2,0
2,11,3,87,21,34,1,0
1,1,5,1,8,48,1,0
2,1,2,83,8,42,0,1
0,14,5,97,72,40,0,1
3,5,5,42,26,36,1,0
1,15,3,25,16,56,0,0
0,10,4,70,43,41,1,0
0,9,5,37,44,46,1,0
2,8,4,93,7,91,1,1
1,12,1,41,79,60,1,0
2,3,4,4,17,13,1,0
0,5,2,10,32,67,0,0
0,15,2,64,0,52,1,0
1,6,5,33,75,83,1,0
1,12,4,0,5,33,0,0
1,10,5,82,40,75,2,0
3,5,3,1,54,96,0,1
3,7,2,84,4,23,0,1
3,3,5,19,58,19,0,1
2,11,3,60,79,68,2,1
1,14,5,86,17,29,1,0
1,0,4,20,48,87,1,0
1,6,4,87,81,6,0,1
2,2,4,67,64,35,1,0
0,13,4,11,82,37,1,0
1,5,1,21,53,79,2,0
0,1,3,19,60,51,0,0
1,8,3,81,7,14,0,1
2,0,4,0,2,45,0,0
2,5,1,29,24,22,2,0
1,5,4,96,68,11,1,0
3,4,1,23,54,92,1,0
1,15,4,13,39,43,1,0
0,12,2,35,82,14,2,0
1,4,2,68,81,92,2,0
1,0,5,74,49,48,1,0
0,9,4,23,94,20,0,1
3,11,3,59,32,14,0,1
1,4,5,94,17,13,2,0
2,1,2,54,56,41,1,0
1,6,4,76,15,79,0,1
0,2,5,79,79,14,1,0
1,12,4,23,37,62,2,0
0,14,2,76,40,67,1,0
1,3,5,23,6,26,1,0
3,2,2,53,77,86,2,0
1,2,1,25,52,92,1,0
1,3,2,65,62,52,0,0
0,4,4,79,88,51,2,0
0,0,3,37,31,62,2,0
0,3,2,64,37,72,2,0
1,11,3,74,21,52,1,0
0,11,1,50,15,56,0,0
1,10,5,34,51,51,2,0
1,7,5,42,28,42,0,0
1,9,3,28,15,6,2,0
0,6,5,36,75,41,2,0
1,8,2,80,16,3,1,0
3,4,3,57,100,68,2,0
1,12,4,53,63,4,1,0
1,14,2,38,90,74,0,1
0,9,2,41,88,91,1,0
3,3,2,27,12,79,0,1
1,7,4,28,71,40,1,0
1,8,1,42,55,93,0,1
2,12,5,2,4,3,1,0
1,6,3,9,11,1,2,0
1,13,1,58,40,66,2,0
1,15,3,13,2,20,1,0
1,6,5,75,98,69,1,1
3,15,4,46,32,42,1,0
2,4,2,41,85,81,2,0
1,3,2,93,49,68,1,0
0,13,4,31,55,8,1,0
0,9,1,31,8,83,2,0
1,0,1,41,81,27,1,0
2,9,3,31,49,25,2,0
1,9,4,25,28,81,2,0
1,6,1,0,38,82,2,0
2,15,4,55,90,2,0,1
0,0,5,1,99,72,1,0
1,0,2,80,44,99,2,0
0,4,2,29,16,94,1,0
3,12,2,70,55,48,1,0
1,8,4,51,97,16,0,1
0,5,4,90,45,62,0,1
1,2,3,8,66,54,1,0
1,12,2,21,68,22,1,0
2,2,3,33,13,33,1,0
2,6,2,48,66,68,1,1
1,5,3,0,22,14,1,0
0,8,3,72,93,46,1,0
0,5,5,83,60,2,1,0
0,4,3,52,22,82,1,0
1,9,4,82,26,27,1,0
2,6,3,99,53,2,0,1
1,0,2,39,9,3,1,0
0,11,3,44,88,87,1,0
1,6,1,67,76,30,1,0
2,15,2,8,15,44,1,0
2,2,1,21,40,58,1,0
2,13,2,17,97,44,0,1
1,8,4,75,54,74,2,1
0,14,4,42,100,36,0,1
2,5,4,38,60,64,2,0
1,8,1,72,85,8,1,0
1,12,5,5,80,16,1,0
2,14,2,82,86,64,0,1
2,4,4,47,99,2,0,1
1,6,2,6,48,25,0,0
1,12,1,79,72,52,0,1
1,15,5,68,51,30,1,0
1,13,1,15,1,25,1,0
1,3,2,0,95,22,1,0
2,14,5,36,49,29,0,1
2,15,5,82,85,9,2,1
2,6,1,36,42,71,1,0
0,12,4,80,76,88,0,1
2,0,2,63,7,63,1,0
2,6,3,89,58,21,0,1
1,7,3,85,64,14,0,1
2,4,1,61,80,55,1,0
2,1,2,71,11,73,1,0
1,4,2,60,3,19,2,0
1,5,1,32,76,46,1,0
0,11,2,65,94,86,2,0
1,1,4,29,40,52,2,0
1,13,1,19,6,52,2,0
2,5,4,59,86,0,1,0
1,5,2,81,87,1,0,1
0,0,1,73,68,57,0,1
1,13,2,23,68,18,1,0
0,0,1,3,80,61,1,0
0,13,2,36,29,77,0,1
0,10,4,3,72,71,1,0
0,15,4,76,5,11,0,1
0,9,2,88,88,25,1,0
1,2,1,76,18,26,0,0
1,13,3,17,79,28,1,0
2,9,4,87,84,14,1,1
1,9,4,65,65,45,0,1
2,14,3,47,9,0,1,0
0,11,2,32,15,59,1,0
1,2,1,57,36,91,0,0
2,3,2,82,78,56,0,1
0,1,5,72,76,2,1,0
1,8,4,27,76,17,1,0
1,9,5,34,31,51,1,0
1,11,4,9,46,59,0,0
0,10,4,64,71,33,1,0
1,13,5,41,42,95,0,1
1,6,5,84,81,92,2,1
0,6,2,8,35,88,1,0
1,14,5,59,25,59,2,0
2,5,2,14,9,25,1,0
3,14,2,98,30,71,1,1
1,2,2,56,96,18,1,0
2,5,4,68,28,21,1,0
1,14,4,21,4,92,1,0
1,13,5,63,76,32,1,0
0,11,4,40,0,37,1,0
2,7,5,86,86,34,1,1
1,7,4,70,2,66,1,0
1,10,1,55,66,82,2,0
0,12,1,22,70,9,1,0
2,8,5,24,99,90,1,1
2,14,4,90,34,14,1,0
2,0,4,5,14,10,1,0
1,13,2,33,66,89,2,0
0,0,3,62,92,23,2,0
1,2,5,8,29,76,1,0
1,2,3,59,81,95,1,0
0,9,3,48,74,100,1,0
1,7,5,96,42,3,1,0
3,14,4,50,59,12,2,0
2,9,5,59,39,72,0,1
2,0,3,69,64,56,0,1
3,12,4,36,28,97,0,1
1,1,1,30,73,36,1,0
1,1,5,97,91,47,2,0
3,2,5,40,94,70,0,1
0,12,4,61,18,0,1,0
2,5,1,92,2,59,1,0
1,0,1,57,35,11,1,0
1,1,4,13,42,20,1,0
1,12,2,35,14,10,2,0
3,15,5,35,96,43,0,1
2,14,5,78,40,57,1,0
0,12,3,7,89,43,0,1
2,15,4,25,79,77,1,1
1,0,3,35,35,97,2,0
1,4,3,47,96,33,0,0
1,15,1,84,83,24,0,1
1,12,5,27,76,3,1,0
1,12,3,67,32,63,1,0
3,6,1,61,4,89,1,0
2,15,4,79,100,15,0,1
1,7,3,85,77,9,0,1
0,9,5,75,90,65,1,1
3,0,3,79,86,34,0,1
3,6,4,50,13,82,2,0
2,12,3,41,67,5,0,1
0,4,5,100,82,18,1,0
0,9,1,28,46,58,0,0
1,0,5,81,53,52,0,1
0,2,1,9,3,7,1,0
1,6,2,38,93,77,1,0
3,9,5,81,82,9,0,1
1,0,5,0,94,66,0,1
0,6,4,38,94,37,0,1
1,4,3,20,8,28,1,0
0,0,1,64,52,14,1,0
0,0,1,14,76,86,0,1
1,13,4,3,77,22,1,0
1,0,4,59,59,81,1,0
2,10,3,60,45,45,2,0
3,8,3,19,53,82,2,1
1,10,5,9,73,27,1,0
1,12,2,86,94,25,0,1
2,2,3,33,36,9,0,0
1,14,4,47,22,46,1,0
0,12,3,32,26,3,2,0
2,4,1,97,69,54,1,0
0,10,2,60,89,65,1,0
1,15,5,9,65,66,1,0
1,9,1,53,60,6,1,0
1,11,1,83,76,54,0,1
1,15,2,64,50,79,1,0
2,8,5,76,49,30,0,1
0,5,4,0,18,73,0,0
1,11,5,4,0,18,1,0
2,8,3,79,39,27,0,1
1,7,1,14,31,80,0,1
0,7,3,27,21,27,0,0
2,0,4,94,92,18,2,0
1,12,3,22,65,100,1,0
2,8,5,16,39,86,0,1
2,5,3,97,37,19,1,0
1,15,4,12,47,12,0,0
1,8,4,13,54,76,1,0
3,2,4,10,74,42,1,0
0,11,5,27,80,10,2,0
2,2,4,41,54,47,1,0
0,5,1,95,50,14,2,0
1,8,4,98,59,16,2,0
1,6,3,60,7,53,2,0
3,13,3,63,85,49,1,0
3,12,3,30,67,27,1,0
0,2,5,80,74,82,1,0
0,2,3,72,71,3,0,1
2,1,5,9,8,21,0,0
1,8,5,7,89,85,1,0
0,12,4,20,1,100,1,0
1,14,1,76,79,38,2,0
1,2,4,58,94,33,0,0
3,10,4,49,69,96,0,1
1,4,5,68,84,43,1,0
1,13,5,69,89,41,1,0
1,13,3,29,58,39,0,1
2,8,3,94,18,96,2,1
1,7,4,16,27,11,1,0
1,1,2,74,71,1,1,0
1,2,2,19,13,27,2,0
2,15,3,47,23,73,1,0
1,15,2,72,43,85,1,0
0,1,3,1,100,80,2,0
1,15,5,36,55,89,0,1
1,7,4,0,89,66,1,0
0,5,1,3,94,70,0,1
2,5,4,99,50,71,0,1
1,11,3,53,31,83,2,0
2,14,3,24,49,75,1,0
1,8,4,2,40,98,1,0
2,7,3,8,65,80,2,1
0,3,2,85,24,91,2,0
1,14,2,86,60,9,2,0
3,11,3,75,65,85,1,1
2,3,3,73,41,56,1,0
1,8,2,33,64,96,0,1
1,0,3,42,35,85,1,0
2,12,3,73,75,36,1,1
1,1,4,93,8,76,1,0
2,1,1,21,35,90,1,0
2,12,2,69,91,63,2,1
0,12,4,1,37,78,1,0
0,5,1,93,32,85,1,0
1,14,3,65,41,93,1,0
0,3,3,31,60,39,0,0
1,15,4,15,45,100,0,1
3,12,3,75,85,97,1,1
1,10,5,0,88,59,0,1
2,9,4,71,60,97,1,1
1,12,1,47,17,47,1,0
1,2,4,49,69,98,0,1
0,2,2,12,81,18,0,0
1,2,4,14,79,71,1,0
1,5,3,52,14,32,1,0
1,13,3,43,47,43,1,0
2,15,5,7,71,91,1,1
1,7,5,73,12,36,1,0
1,10,5,45,42,88,2,0
1,6,1,68,59,35,1,0
0,13,5,18,56,80,2,0
1,3,1,37,70,87,0,1
0,10,5,10,16,20,1,0
0,11,1,42,49,1,1,0
0,3,4,19,31,30,0,0
1,10,4,19,21,96,0,1
2,9,3,20,54,29,1,0
1,14,1,81,56,75,0,1
1,10,2,56,12,43,0,0
1,15,3,49,46,11,2,0
0,10,4,73,86,50,2,0
2,13,1,97,61,48,1,1
1,10,5,25,53,23,1,0
1,1,2,29,28,23,2,0
1,13,4,72,21,59,1,0
0,15,3,30,64,10,0,1
1,0,1,41,28,12,2,0
1,8,2,67,47,90,1,0
2,11,1,60,4,71,1,0
0,14,5,60,34,73,1,0
1,11,3,69,73,71,1,0
1,1,1,77,82,63,2,0
0,12,4,67,100,19,1,0
1,7,3,89,70,71,2,1
2,14,4,16,45,72,2,0
2,15,1,18,34,70,1,0
1,8,3,50,44,77,1,0
2,3,4,69,12,27,1,0
3,7,5,62,9,1,0,1
2,8,5,92,65,42,0,1
0,9,1,74,69,7,1,0
2,9,3,79,71,12,1,1
1,4,2,29,99,84,0,1
3,15,3,24,24,91,0,1
1,12,5,74,43,34,2,0
0,13,4,70,59,22,1,0
2,6,2,25,46,45,2,0
1,15,1,55,39,14,1,0
3,9,2,21,6,1,1,0
3,3,1,88,45,60,0,1
1,0,2,18,22,75,1,0
0,2,1,30,82,63,1,0
1,4,1,25,45,51,0,0
0,2,2,41,85,35,1,0
0,15,2,40,12,66,1,0
2,11,1,99,20,68,1,1
1,12,5,22,0,66,1,0
1,10,2,46,18,46,1,0
3,6,3,12,59,82,1,1
1,11,4,88,32,1,2,0
1,8,1,65,3,43,2,0
3,14,1,65,2,100,2,0
0,11,4,15,90,63,1,0
2,5,5,72,51,80,1,1
3,12,4,27,98,77,1,1
3,9,2,76,27,27,0,1
1,0,4,34,69,90,2,0
1,15,1,40,69,53,1,0
1,6,4,76,54,73,0,1
2,14,3,30,56,66,0,1
2,2,2,84,86,35,2,0
1,4,4,31,96,62,0,1
1,15,1,53,15,24,0,0
0,9,2,97,23,85,1,0
0,3,1,71,68,47,0,1
2,9,5,58,40,38,2,0
1,4,3,40,76,46,1,0
3,4,5,65,46,93,1,0
2,5,3,95,75,20,2,0
0,13,4,53,68,29,1,0
1,9,2,39,100,91,1,0
1,11,4,27,30,30,1,0
1,9,3,36,91,25,1,0
2,12,3,64,91,21,1,0
2,12,3,73,29,20,1,0
2,10,1,54,17,0,2,0
1,5,2,3,43,36,1,0
0,15,4,98,26,76,2,0
2,7,4,9,98,84,1,1
0,7,5,46,25,45,1,0
1,10,3,74,59,8,2,0
0,8,3,13,17,16,0,0
1,7,3,37,96,46,1,0
0,12,4,11,88,84,1,0
1,10,5,44,55,94,1,0
3,1,1,16,30,58,0,0
0,13,2,79,100,53,1,0
0,13,1,34,58,85,1,0
1,11,4,65,1,11,1,0
2,9,3,74,96,63,2,1
1,11,2,40,38,5,2,0
1,10,4,66,60,52,1,0
0,14,4,28,62,15,2,0
2,15,4,17,95,89,1,1
1,0,2,19,17,4,1,0
2,9,2,13,16,72,1,0
3,1,5,33,97,45,1,0
1,1,5,48,38,13,0,0
2,11,1,53,70,43,1,0
0,2,2,30,53,62,1,0
2,9,2,57,98,93,1,1
1,6,2,41,93,51,2,0
2,1,5,57,75,25,1,0
0,13,4,81,34,52,0,1
0,15,3,29,10,28,1,0
1,0,5,24,60,18,1,0
1,15,2,62,43,46,1,0
1,13,5,18,67,7,0,1
1,5,1,71,24,22,1,0
0,8,2,91,47,34,2,0
1,14,1,7,31,94,1,0
2,2,2,94,83,52,2,0
1,5,5,2,94,98,2,0
0,2,4,66,3,95,0,0
1,13,3,85,37,57,1,0
0,12,1,80,62,4,1,0
3,0,5,99,46,15,0,1
0,13,4,16,0,16,1,0
2,12,5,13,2,31,1,0
3,15,1,8,100,95,0,1
2,11,3,61,85,51,2,0
1,4,5,93,61,19,1,0
2,9,2,20,63,65,2,1
3,13,4,75,16,83,1,1
1,12,5,36,77,81,2,0
1,10,4,95,61,0,1,0
1,3,2,10,34,57,0,0
1,6,3,19,12,92,1,0
1,5,3,34,34,92,1,0
1,9,2,52,42,82,1,0
1,6,4,46,1,43,1,0
0,4,5,74,55,5,0,1
0,14,2,51,76,49,1,0
1,14,1,7,50,71,1,0
0,3,4,3,53,87,1,0
1,15,3,26,15,19,1,0
1,6,2,43,17,13,2,0
2,6,3,39,6,4,1,0
0,5,4,46,44,40,1,0
1,7,3,93,35,39,2,0
2,3,2,43,40,33,1,0
1,9,4,47,93,79,0,1
0,4,1,90,41,44,0,0
2,3,2,84,6,70,1,0
2,11,5,51,14,79,0,1
1,0,2,83,59,70,1,0
1,11,4,67,39,26,0,0
3,7,2,10,82,77,0,1
1,0,1,76,36,77,1,0
1,4,1,72,65,43,2,0
2,14,5,3,54,32,1,0
1,5,3,75,76,32,2,0
1,5,4,72,94,43,2,0
1,12,4,76,79,19,0,1
2,4,3,47,55,35,1,0
1,15,1,25,43,6,1,0
1,2,1,76,56,31,2,0
1,14,2,38,5,66,1,0
1,4,5,91,91,38,2,0
1,11,5,57,31,92,0,1
2,7,5,18,73,23,0,1
1,13,2,87,17,85,1,0
0,1,5,82,67,69,1,0
2,15,3,76,72,87,0,1
0,5,2,76,6,86,1,0
3,8,3,57,7,53,0,1
0,7,2,27,63,37,1,0
1,13,5,65,6,73,2,0
0,10,3,9,40,79,2,0
3,7,3,85,39,74,1,1
1,7,3,76,2,31,1,0
0,14,2,57,16,44,1,0
1,12,4,72,65,60,0,1
0,6,5,96,78,69,1,1
0,7,3,13,92,87,0,1
3,12,4,83,51,96,2,1
1,5,5,14,21,52,2,0
2,1,5,95,3,50,1,0
1,1,3,32,5,75,1,0
1,7,3,16,37,55,0,0
0,10,2,23,25,26,1,0
1,0,4,29,10,37,1,0
2,5,4,61,89,61,1,0
3,12,3,12,16,17,0,1
1,15,5,61,87,63,2,0
1,5,3,46,91,76,1,0
1,15,5,15,98,29,2,0
3,10,5,65,30,48,2,0
1,3,3,80,76,40,2,0
1,11,1,95,34,12,0,1
2,10,4,42,15,33,0,1
0,12,5,7,78,99,1,0
0,14,5,2,17,93,0,1
1,10,1,11,100,24,1,0
3,15,2,83,61,65,1,1
1,12,1,15,26,99,1,0
1,9,1,77,34,17,0,1
1,2,5,79,44,4,2,0
1,12,4,58,34,18,0,0
1,10,1,48,27,41,1,0
1,2,2,62,8,17,1,0
1,14,3,61,75,31,1,0
1,14,1,48,14,20,1,0
1,15,1,50,20,9,0,0
1,12,2,32,51,36,1,0
2,12,4,29,34,48,0,1
0,0,1,58,96,85,0,1
2,2,1,75,50,12,1,0
2,3,4,14,82,54,1,0
1,10,2,81,54,16,1,0
1,10,1,91,86,8,1,0
1,4,4,22,76,87,2,0
1,2,1,77,43,43,2,0
1,5,3,93,64,77,1,0
0,10,5,96,92,45,0,1
1,13,3,44,87,7,1,0
2,14,1,61,79,36,0,1
1,11,2,78,24,18,1,0
2,15,5,70,86,62,1,1
1,4,3,14,91,91,1,0
2,2,4,45,46,45,1,0
1,5,2,63,79,93,0,1
0,5,3,45,55,70,1,0
1,14,4,55,37,25,1,0
0,13,1,43,10,45,1,0
1,7,4,74,66,45,1,0
3,1,3,28,14,74,1,0
0,0,3,94,0,13,1,0
1,15,1,61,6,84,1,0
2,3,4,88,0,62,0,1
2,15,4,51,48,71,0,1
1,6,1,53,95,2,1,0
1,14,4,87,72,27,0,1
1,15,1,56,28,28,1,0
1,10,2,82,25,86,1,0
2,9,3,65,86,17,2,0
3,2,2,21,44,34,2,0
2,2,5,19,92,76,0,1
2,15,5,32,96,75,2,1
0,4,5,71,70,46,1,0
2,4,1,24,11,4,1,0
2,12,4,45,94,74,0,1
0,9,2,72,31,58,2,0
2,2,2,97,19,74,0,1
1,8,2,56,50,58,2,0
1,3,2,86,80,46,0,1
2,12,5,4,35,94,1,0
1,12,2,54,66,94,1,0
0,14,4,60,0,12,0,0
1,2,5,88,26,77,0,1
1,10,2,7,39,88,1,0
3,1,1,15,96,32,0,1
1,9,3,47,83,96,1,0
1,12,3,60,13,61,1,0
2,10,3,14,99,78,2,1
1,8,5,64,68,15,1,0
1,3,2,21,86,43,0,0
1,15,5,2,78,57,1,0
2,2,4,53,5,5,0,0
1,6,1,13,32,88,2,0
1,7,1,35,54,14,2,0
0,10,3,81,18,3,1,0
0,13,3,81,76,55,0,1
0,1,3,66,28,63,2,0
0,6,2,9,60,67,2,0
1,11,4,48,69,93,2,0
2,4,4,64,78,33,2,0
1,14,4,90,79,90,1,1
2,10,4,56,23,94,0,1
3,4,3,26,22,55,1,0
2,2,1,74,9,31,1,0
1,4,3,4,53,8,1,0
1,11,4,70,40,62,1,0
1,1,3,82,48,71,0,1
0,3,4,56,16,77,1,0
1,5,5,92,55,32,1,0
3,0,1,14,44,86,0,1
2,9,5,98,29,20,1,0
1,3,2,100,43,54,2,0
1,5,3,75,73,75,2,0
2,8,2,29,54,56,1,0
0,13,3,19,18,1,1,0
1,10,5,36,28,12,0,0
2,15,4,2,1,3,1,0
1,10,4,72,35,83,1,0
0,12,3,40,18,49,1,0
1,1,4,38,6,47,2,0
2,10,5,25,25,77,1,0
1,6,4,1,78,29,0,1
1,5,5,22,37,28,0,0
1,1,2,22,2,7,1,0
1,7,5,84,79,11,1,0
1,6,1,15,65,40,2,0
2,10,1,8,94,25,1,0
0,4,1,12,91,49,1,0
2,11,3,27,70,1,1,0
0,4,3,26,93,54,1,0
1,6,3,50,42,55,1,0
0,8,5,63,61,13,1,0
1,10,3,51,70,5,1,0
1,14,2,80,99,94,0,1
1,8,1,37,92,80,2,0
0,8,5,99,23,88,1,0
1,5,1,64,38,60,0,0
0,9,3,17,67,95,0,1
2,5,5,62,92,11,0,1
3,2,4,50,43,12,1,0
1,0,2,8,4,18,0,0
1,15,3,12,54,43,0,1
1,6,3,39,92,88,1,0
0,3,2,54,29,94,1,0
1,0,2,78,28,58,0,0
2,14,4,42,25,36,1,0
1,7,3,43,82,24,1,0
0,11,3,67,25,15,2,0
2,5,1,32,36,37,1,0
1,5,5,23,90,42,0,0
2,1,5,35,93,86,1,0
1,14,1,9,52,13,1,0
1,0,5,99,29,5,0,0
0,12,2,19,2,88,2,0
0,13,5,74,42,22,1,0
3,13,5,11,6,59,2,0
1,1,1,61,48,11,1,0
3,3,4,17,72,12,1,0
1,1,5,93,40,99,1,0
0,15,5,100,76,97,1,1
0,0,4,62,78,5,1,0
1,6,1,83,53,62,2,1
3,10,4,24,68,37,1,0
1,10,1,11,92,49,2,0
1,14,2,20,98,51,2,0
1,11,1,24,90,39,2,0
0,7,2,10,26,7,1,0
1,5,2,63,7,60,1,0
0,3,1,72,31,7,0,0
2,13,3,49,83,96,1,1
1,5,1,61,63,33,0,0
1,2,5,88,9,78,0,1
1,11,5,98,12,99,0,1
1,7,3,95,62,59,2,0
3,9,2,48,92,56,2,0
1,13,3,13,34,98,1,0
0,12,5,0,60,45,1,0
1,12,3,80,53,21,1,0
0,1,1,24,7,86,1,0
0,4,3,58,28,39,1,0
3,0,2,71,94,44,1,0
2,5,1,68,40,54,1,0
3,1,4,4,29,50,1,0
1,3,5,98,85,85,1,0
1,5,5,18,20,4,1,0
0,9,3,22,75,94,2,0
1,10,1,8,10,12,0,0
2,7,4,93,1,27,1,0
1,11,1,49,49,83,1,0
2,7,5,15,40,96,0,1
2,10,1,32,65,79,1,1
0,5,4,1,97,61,0,1
1,3,3,13,2,92,1,0
1,7,2,0,79,86,1,0
1,12,1,89,50,23,1,0
2,7,2,57,67,97,1,1
1,9,5,88,86,6,0,1
0,13,3,15,83,37,1,0
1,0,3,78,24,36,0,0
3,15,1,89,29,67,2,1
0,3,3,46,81,97,2,0
2,3,1,43,10,41,1,0
1,6,1,79,92,85,2,1
2,15,2,13,16,4,1,0
2,13,3,92,25,63,2,1
1,13,1,23,22,49,1,0
1,10,2,54,55,86,0,1
2,6,4,14,51,14,2,0
1,15,2,82,47,94,0,1
2,12,2,71,19,72,0,1
0,10,1,33,1,52,0,0
2,14,5,1,87,24,1,0
2,7,5,26,30,88,1,0
3,15,5,73,26,84,1,1
0,10,2,98,1,8,2,0
1,4,1,86,77,37,0,1
1,6,3,71,3,21,2,0
1,7,2,91,12,86,2,0
1,15,2,22,99,48,0,1
0,14,1,67,34,67,1,0
2,8,4,13,71,92,2,1
1,2,2,62,65,14,1,0
0,2,4,92,5,64,1,0
1,3,4,64,30,53,1,0
1,4,5,67,9,29,1,0
0,9,1,62,20,92,0,1
3,0,4,95,73,19,1,0
3,14,1,96,22,32,0,1
1,14,5,89,2,99,1,0
0,6,1,80,31,85,2,0
2,8,2,86,19,76,1,1
1,7,4,63,73,6,2,0
1,14,1,31,28,7,1,0
1,14,3,78,51,27,1,0
1,4,1,12,45,44,1,0
1,13,4,65,33,72,2,0
1,13,5,18,100,88,1,0
1,3,5,23,83,79,0,1
3,11,4,87,60,73,2,1
1,6,2,10,71,10,1,0
2,4,2,58,70,30,0,1
2,6,5,85,69,11,1,1
1,11,5,14,10,94,2,0
1,0,4,9,81,77,1,0
1,0,2,40,92,50,1,0
1,15,5,26,88,43,2,0
2,9,2,59,62,95,1,1
1,13,5,72,20,49,1,0
3,12,1,51,2,16,0,1
0,2,3,27,81,34,0,0
0,13,1,64,87,0,1,0
1,10,5,16,9,28,2,0
1,1,3,94,26,50,0,0
1,1,3,43,11,63,1,0
1,6,5,9,6,3,0,0
1,11,5,62,16,86,1,0
0,9,2,100,64,27,0,1
3,1,5,92,63,15,0,1
1,10,4,81,25,62,0,1
2,3,5,46,14,75,1,0
2,1,4,37,32,52,1,0
3,5,5,69,61,84,0,1
0,7,2,75,100,16,2,0
2,9,4,52,46,39,0,1
1,15,1,77,94,12,1,0
1,3,4,43,34,51,2,0
1,14,2,73,64,57,1,0
2,4,4,53,71,95,1,0
1,3,5,19,75,36,0,0
2,2,5,78,82,78,1,1
1,4,2,30,24,75,1,0
2,13,3,6,56,60,2,0
3,8,5,57,31,78,0,1
1,7,1,9,62,33,1,0
3,7,2,9,11,69,1,0
0,7,4,38,62,16,2,0
0,11,4,27,76,19,0,1
0,7,1,29,91,72,2,0
1,6,5,36,0,58,1,0
1,7,2,66,50,68,1,0
0,10,1,42,69,86,0,1
0,13,5,78,7,32,1,0
3,15,2,84,67,77,1,1
2,7,4,51,4,16,1,0
2,12,2,100,88,56,0,1
2,13,3,55,85,82,0,1
2,7,2,75,91,96,2,1
0,11,3,67,38,0,2,0
1,9,2,8,22,12,1,0
2,6,3,91,67,26,0,1
1,11,4,22,51,69,1,0
1,0,5,62,3,58,1,0
0,3,3,60,46,5,2,0
1,12,3,39,20,96,1,0
1,12,4,43,100,93,2,0
1,15,3,85,55,98,2,1
1,3,1,23,65,22,2,0
1,4,4,50,58,9,0,0
0,9,1,57,6,50,0,0
0,5,4,89,48,18,1,0
2,3,3,93,15,50,1,0
1,14,1,32,16,91,0,1
0,1,3,15,83,86,0,1
2,15,4,21,86,67,1,1
1,5,3,56,97,83,1,0
1,14,1,61,74,82,1,0
0,7,1,81,33,41,1,0
2,14,3,70,32,90,1,0
1,7,2,89,25,56,1,0
1,6,4,71,65,97,0,1
2,5,4,69,62,67,1,0
1,1,3,29,86,37,1,0
1,14,2,22,40,61,0,1
0,6,1,31,85,6,1,0
1,10,5,85,57,70,1,1
0,11,5,56,97,49,1,0
1,13,3,8,78,51,1,0
2,15,2,30,9,25,1,0
1,13,2,70,14,25,1,0
1,4,4,8,41,18,2,0
0,15,1,12,92,8,0,1
1,5,2,57,56,60,2,0
1,9,5,2,86,19,1,0
2,7,1,34,16,49,0,1
0,15,1,96,59,79,0,1
2,13,3,20,8,80,1,0
2,7,2,63,35,21,1,0
1,2,3,94,72,12,0,1
2,11,2,51,79,11,0,1
1,15,4,33,35,9,1,0
1,11,3,95,47,64,0,1
1,13,3,34,50,95,2,0
1,6,5,14,96,29,1,0
1,0,3,95,94,7,1,0
1,0,2,5,69,20,1,0
1,6,5,84,73,21,0,1
1,14,3,96,79,17,2,0
0,14,3,31,67,65,0,1
3,9,4,51,21,47,1,0
2,8,3,82,76,43,1,1
1,6,1,96,79,8,0,1
0,9,5,27,92,66,1,0
2,4,1,94,5,53,2,0
2,7,5,84,25,25,1,0
2,1,4,97,74,84,2,1
1,8,3,63,87,93,2,0
1,5,3,78,92,91,1,0
0,12,3,77,2,99,1,0
0,8,5,18,51,25,1,0
2,15,3,14,73,33,1,0
2,1,1,5,59,7,0,1
1,2,3,72,62,9,2,0
2,11,4,100,64,47,1,1
1,7,1,83,51,54,1,0
1,0,3,97,89,53,1,0
1,14,3,37,75,77,1,0
3,9,2,25,13,39,2,0
0,14,5,81,88,14,1,0
3,14,1,91,71,80,0,1
2,14,2,50,67,17,0,1
0,6,4,72,27,95,2,0
1,6,5,95,70,22,1,0
2,12,1,52,9,61,2,0
1,0,3,55,56,45,0,0
3,15,1,58,99,86,0,1
3,8,3,69,65,98,0,1
1,7,5,77,89,38,1,0
1,3,3,91,49,14,1,0
3,9,4,57,13,52,0,1
1,10,3,87,15,87,1,0
0,4,4,12,53,63,1,0
0,1,5,42,42,62,0,0
1,12,5,75,41,91,1,0
3,15,1,50,80,79,1,1
2,8,4,18,21,15,0,1
1,14,4,20,67,69,0,1
0,11,2,90,18,65,1,0
1,11,2,82,65,12,1,0
2,5,2,23,38,46,2,0
0,2,3,25,72,8,1,0
1,11,2,44,18,62,0,1
0,6,4,27,15,33,2,0
1,8,3,81,53,80,2,1
3,2,5,99,24,90,1,0
1,15,1,28,17,28,2,0
1,1,2,16,22,36,1,0
1,15,5,67,84,42,1,0
3,6,4,43,10,85,1,0
0,6,1,60,38,63,1,0
1,3,5,92,67,23,0,1
1,10,1,67,24,70,2,0
2,8,2,73,62,33,2,1
1,15,4,24,95,47,1,0
0,13,1,94,29,11,1,0
1,7,5,66,44,22,0,0
2,12,2,1,89,78,0,1
0,12,2,88,60,96,0,1
2,0,5,48,99,12,1,0
0,0,5,69,50,86,2,0
1,4,1,25,97,95,0,1
1,5,3,71,8,44,0,0
2,2,2,98,75,98,1,1
1,12,1,26,1,64,0,1
2,8,5,88,4,46,2,0
2,11,1,17,61,57,1,0
1,9,5,53,68,4,0,1
2,13,4,0,51,76,0,1
2,14,5,60,85,4,0,1
0,5,5,2,4,59,1,0
1,3,5,67,58,95,0,1
3,11,3,40,67,20,1,0
0,6,5,36,8,23,1,0
2,7,2,50,92,17,0,1
3,8,2,14,21,20,0,1
0,12,1,7,26,53,1,0
1,15,3,37,9,9,1,0
1,10,1,82,79,23,2,0
1,5,2,55,60,84,0,1
0,14,2,46,50,88,0,1
0,5,4,89,9,59,0,0
1,7,5,9,5,56,1,0
2,11,2,77,61,22,1,1
2,4,1,48,4,21,2,0
1,13,1,40,69,67,1,0
0,2,5,82,62,33,0,1
1,11,5,29,55,69,1,0
1,2,4,4,58,27,2,0
3,12,3,94,62,94,1,1
2,5,1,70,88,98,1,0
2,1,5,82,58,38,2,0
3,15,1,30,50,41,1,0
0,5,5,51,49,22,1,0
2,15,2,87,3,69,0,1
1,12,1,97,47,79,1,0
3,5,2,22,31,1,0,0
1,7,1,47,50,23,1,0
2,6,3,39,51,16,0,1
2,7,4,5,98,64,2,1
0,13,2,37,73,69,2,0
1,8,5,40,33,68,1,0
2,5,3,99,35,59,0,1
1,13,1,26,69,49,0,1
1,15,2,74,42,92,1,0
1,2,1,68,15,11,1,0
0,9,1,56,58,46,1,0
2,2,1,16,52,66,1,0
1,15,4,70,18,64,1,0
0,10,4,90,97,26,1,0
1,11,5,46,88,47,1,0
1,0,2,78,94,87,1,0
0,10,3,12,40,61,1,0
1,14,3,10,80,43,0,1
1,12,3,89,46,18,0,1
1,14,1,85,93,58,1,0
2,4,4,91,53,7,0,1
1,13,2,23,54,54,1,0
1,3,1,92,94,46,1,0
1,8,4,72,18,1,2,0
1,14,4,3,61,93,1,0
1,8,2,45,98,93,0,1
1,14,2,17,92,38,0,1
2,13,2,42,58,44,2,0
1,4,1,79,64,31,0,1
1,9,5,32,67,64,1,0
2,3,2,92,27,37,1,0
1,6,5,9,17,76,1,0
1,14,1,72,25,10,1,0
1,5,5,58,18,9,1,0
0,3,3,30,54,58,2,0
2,12,5,27,56,89,0,1
2,12,2,59,5,54,2,0
3,14,1,2,0,19,1,0
1,9,2,54,7,80,2,0
1,1,3,13,96,16,0,0
0,0,2,57,50,67,0,0
1,3,2,88,84,4,2,0
1,3,2,14,87,59,2,0
3,12,4,1,24,22,1,0
1,0,3,23,46,45,1,0
1,5,2,77,54,51,2,0
1,3,2,63,63,9,0,0
1,0,2,70,82,45,1,0
1,0,1,99,92,27,2,0
2,14,4,23,9,96,1,0
1,12,1,26,55,42,1,0
2,0,4,36,11,25,1,0
1,7,2,93,32,54,1,0
2,9,3,90,70,47,0,1
2,7,5,38,16,28,2,0
1,1,5,62,60,26,1,0
1,10,2,78,9,17,2,0
3,12,1,25,30,59,2,0
1,6,3,64,59,73,0,1
3,13,4,3,69,68,0,1
0,7,2,28,16,73,1,0
1,7,3,0,49,20,1,0
2,10,3,49,36,23,1,0
3,9,4,85,81,2,1,1
1,14,3,10,61,94,1,0
2,10,1,73,89,61,0,1
1,12,1,58,79,100,1,0
0,6,1,61,71,1,1,0
1,4,3,80,87,65,1,0
1,0,1,35,76,41,0,0
3,11,4,55,28,33,1,0
1,8,3,89,31,41,0,1
1,12,5,20,87,19,1,0
0,15,3,12,79,96,1,0
1,6,4,8,10,67,0,1
1,1,5,10,95,44,1,0
2,5,3,74,5,74,1,0
1,1,1,69,34,41,0,0
3,14,2,0,32,46,0,1
3,0,2,69,17,4,2,0
1,13,1,76,36,88,1,0
3,6,2,85,12,48,2,0
2,12,2,55,73,36,1,0
1,15,1,30,100,33,1,0
0,1,1,85,89,72,1,0
1,12,3,36,80,69,1,0
1,13,3,46,63,17,0,1
2,13,1,90,0,77,1,1
1,1,4,77,62,18,1,0
2,12,2,46,88,77,0,1
1,10,3,68,33,39,0,0
0,4,2,57,9,16,0,0
3,13,5,35,83,59,1,0
1,4,1,31,6,98,1,0
1,15,4,97,55,92,2,1
1,6,5,63,79,41,0,1
0,0,5,70,36,80,0,0
1,7,5,41,28,71,1,0
1,2,1,47,11,64,2,0
1,3,3,73,16,52,0,0
3,14,1,80,47,99,1,1
1,8,3,29,83,6,1,0
1,3,5,20,25,4,0,0
1,9,5,59,82,23,1,0
3,11,4,12,11,27,0,1
0,14,3,0,20,61,2,0
1,4,5,64,41,16,1,0
0,6,2,32,60,100,1,0
0,15,4,37,57,19,1,0
2,3,1,24,53,2,1,0
2,13,4,25,33,36,1,0
1,0,2,76,6,89,0,1
1,8,3,58,34,14,1,0
1,3,1,91,14,50,0,0
3,8,1,32,64,47,1,0
3,5,3,100,89,7,0,1
1,14,4,40,98,12,1,0
2,0,5,29,24,47,0,0
2,11,4,56,58,2,2,0
1,2,2,48,78,64,1,0
1,10,5,47,85,72,1,0
1,1,4,71,5,30,2,0
2,15,3,48,51,25,1,0
3,8,2,46,78,80,2,1
2,15,2,55,87,55,0,1
2,14,2,64,20,33,1,0
1,11,5,11,70,8,1,0
2,0,1,68,92,61,2,0
2,12,5,87,95,12,0,1
1,13,4,5,31,68,2,0
1,8,1,88,52,40,1,0
2,8,4,64,58,76,2,1
0,7,1,24,68,0,1,0
2,7,5,0,61,88,0,1
0,10,2,31,3,46,2,0
1,13,3,2,85,3,2,0
2,11,2,48,17,99,1,0
1,0,5,18,98,62,0,1
1,10,1,59,80,51,0,1
1,7,2,28,55,9,1,0
2,9,5,49,23,27,0,1
0,13,4,1,65,5,1,0
3,2,3,72,12,26,1,0
0,10,2,55,61,11,1,0
3,6,1,16,53,61,0,1
3,10,4,59,14,51,1,0
1,14,5,35,68,47,1,0
1,0,3,60,2,66,1,0
1,0,1,16,36,45,1,0
1,15,5,48,36,96,1,0
0,9,5,75,100,73,1,1
0,12,2,59,2,94,2,0
0,4,2,19,62,14,1,0
1,4,1,49,34,70,2,0
1,7,5,2,51,35,1,0
1,6,2,42,86,13,1,0
3,7,3,56,27,77,0,1
1,5,3,49,93,2,1,0
1,5,5,67,17,66,1,0
1,1,2,80,35,85,0,1
2,5,1,49,32,18,1,0
3,4,1,36,63,98,0,1
2,12,1,45,25,75,1,0
3,15,3,41,47,53,1,0
0,2,2,14,39,68,1,0
2,5,2,32,16,9,2,0
2,7,3,79,39,32,1,0
1,8,1,10,6,12,1,0
3,0,1,19,56,98,1,0
0,2,5,23,7,50,2,0
1,2,4,63,55,31,1,0
1,10,2,79,30,74,1,0
1,7,2,93,58,23,0,1
2,0,2,97,57,34,1,0
1,4,4,64,11,82,0,0
1,2,5,87,47,69,1,0
1,1,4,87,30,39,2,0
2,14,1,72,82,53,1,1
0,7,1,85,62,43,1,0
1,2,2,75,73,61,1,0
3,6,3,16,38,98,1,0
2,11,2,88,75,67,1,1
1,10,3,91,19,32,1,0
2,0,4,60,100,76,0,1
2,5,1,14,47,55,0,0
2,2,3,93,70,35,1,0
1,7,4,50,53,53,1,0
1,5,1,26,77,18,0,0
1,11,3,85,74,42,1,0
1,1,2,73,70,11,0,1
1,5,2,60,28,10,0,0
0,6,2,57,73,69,1,0
1,4,4,30,92,11,1,0
1,2,2,90,72,90,1,0
1,3,5,11,99,40,1,0
2,3,1,45,47,24,2,0
1,5,4,30,73,2,1,0
0,9,2,31,82,2,0,1
2,0,1,31,55,83,1,0
0,10,3,98,94,27,0,1
2,3,2,52,16,22,2,0
2,9,1,60,8,47,0,1
1,12,5,45,96,66,1,0
2,3,3,84,33,41,0,1
1,9,5,73,44,87,2,0
1,15,1,79,87,39,1,0
0,0,5,6,8,5,2,0
1,8,1,3,6,19,0,0
3,3,1,90,15,10,0,1
1,6,5,51,18,95,0,1
1,11,1,88,5,26,2,0
1,13,2,30,10,20,2,0
1,2,1,74,75,12,0,1
0,9,4,83,60,85,0,1
1,11,1,35,41,34,1,0
2,2,4,53,12,46,0,0
1,13,1,53,11,85,0,1
1,7,1,16,84,27,0,1
0,7,5,74,73,20,0,1
1,10,2,29,19,17,0,1
2,11,2,98,49,30,0,0
0,0,3,21,35,59,1,1
0,9,5,42,91,36,2,1
1,1,5,26,87,20,1,1
2,15,2,36,68,13,1,0
1,7,5,45,36,88,0,1
1,0,2,34,11,90,1,1
2,14,5,3,98,59,1,1
1,11,1,79,39,22,1,0
2,7,2,79,53,94,0,1
2,7,2,84,1,28,2,0
1,15,4,25,49,46,0,0
1,1,5,99,40,29,1,0
0,3,5,18,44,89,2,0
1,5,2,80,8,83,1,1
3,11,1,44,61,37,1,0
1,10,1,25,85,82,2,0
1,8,1,21,46,26,1,1
2,14,5,57,4,88,0,0
1,15,4,62,75,86,2,0
0,7,2,27,0,92,0,0
1,11,3,64,43,14,2,0
1,14,4,43,21,58,0,0
2,7,3,99,37,2,1,0
0,6,4,42,18,9,1,1
1,13,1,36,79,78,2,1
1,12,5,65,30,79,1,1
1,8,3,16,66,16,0,1
1,14,4,39,86,82,1,0
1,1,5,37,41,10,0,0
1,2,3,84,81,47,1,0
3,9,2,60,25,4,2,1
1,7,4,8,12,68,1,1
0,13,2,76,57,63,1,0
1,5,1,74,17,13,0,0
2,9,2,60,66,49,1,1
2,8,2,79,86,25,1,1
0,9,4,15,2,71,1,1
3,3,1,1,54,68,0,1
1,15,2,71,88,6,1,0
0,7,5,42,90,15,0,1
0,9,3,41,57,54,1,1
0,2,2,76,62,77,0,0
2,2,1,56,90,100,2,0
0,7,2,80,51,55,0,0
0,4,3,87,88,3,1,1
2,2,1,66,23,99,0,1
1,9,4,29,71,47,1,1
0,10,1,12,8,16,1,1
0,15,4,18,36,35,1,0
0,0,1,6,93,69,0,0
1,14,3,8,82,79,1,1
1,2,3,82,52,92,0,1
0,11,1,53,79,99,0,1
0,8,2,85,23,37,1,0
2,4,3,81,20,100,0,1
1,11,4,60,99,61,0,0
1,9,4,86,39,47,2,1
1,14,5,1,61,9,2,0
1,1,4,49,69,35,1,0
1,6,5,74,68,28,0,1
1,14,1,30,13,77,0,0
1,1,1,32,41,3,1,0
3,3,1,77,49,43,0,1
0,11,2,79,60,55,2,0
2,6,2,10,3,41,0,1
0,3,5,32,71,99,2,0
2,6,4,6,87,12,1,0
1,15,4,30,74,45,1,0
2,6,1,47,16,81,0,0
0,15,3,46,84,32,2,1
1,0,2,77,56,20,0,1
1,5,2,91,89,79,1,1
2,8,1,52,47,78,2,0
1,1,2,79,43,56,0,0
1,13,1,18,44,68,1,1
1,2,5,80,90,69,1,1
1,9,4,89,79,66,1,1
1,4,3,5,89,47,1,1
0,8,4,48,32,75,1,0
3,3,4,72,30,99,1,1
2,0,5,49,46,32,1,0
3,3,2,80,5,35,1,1
1,5,3,94,71,32,0,0
2,4,2,11,70,30,2,1
2,13,4,22,33,20,2,1
1,12,1,53,52,26,1,0
1,0,4,68,13,90,1,0
1,3,2,99,15,71,1,1
2,5,4,58,42,100,1,0
1,12,1,35,72,61,1,1
0,14,5,2,73,95,0,0
1,9,2,57,80,25,1,1
3,9,4,87,11,65,0,1
2,13,2,54,69,11,0,1
3,3,5,56,18,21,1,1
1,14,4,16,40,16,1,1
1,13,4,38,52,6,1,1
0,8,2,89,28,67,1,1
0,4,2,67,69,36,2,1
0,7,1,54,58,37,1,0
1,8,5,44,88,95,1,0
0,9,1,75,63,10,0,0
1,4,4,0,23,0,0,1
3,5,2,20,88,24,1,1
1,0,4,82,15,41,1,1
2,10,4,20,51,51,1,0
1,15,3,51,79,23,1,0
1,11,3,81,5,52,1,0
1,14,4,42,36,55,0,0
0,6,2,51,84,62,0,0
1,3,4,66,3,80,2,1
1,10,3,43,97,7,1,0
0,1,2,31,91,58,0,1
1,4,4,9,37,44,1,1
1,11,5,63,40,26,1,1
